[
  {
    "id": "fe823652-3821-4805-8110-7c96fcdab3a2",
    "data": [
      {
        "text": "Ayuda",
        "userDefined": false
      }
    ],
    "isTemplate": false,
    "count": 0,
    "lang": "es",
    "updated": 0
  },
  {
    "id": "be3a49ab-fb30-4d0a-b483-079dd5d14fb6",
    "data": [
      {
        "text": "Que puedo hacer",
        "userDefined": false
      }
    ],
    "isTemplate": false,
    "count": 0,
    "lang": "es",
    "updated": 0
  },
  {
    "id": "8466e0d7-3c5b-4faf-baaa-771a2a82b342",
    "data": [
      {
        "text": "Opciones",
        "userDefined": false
      }
    ],
    "isTemplate": false,
    "count": 0,
    "lang": "es",
    "updated": 0
  },
  {
    "id": "29c3d122-a2be-4ce0-bdab-7f9b47ef219b",
    "data": [
      {
        "text": "Lista de opciones",
        "userDefined": false
      }
    ],
    "isTemplate": false,
    "count": 0,
    "lang": "es",
    "updated": 0
  },
  {
    "id": "a734d274-ec8e-4ab9-b66d-770a818cf6eb",
    "data": [
      {
        "text": "Mostrar opciones",
        "userDefined": false
      }
    ],
    "isTemplate": false,
    "count": 0,
    "lang": "es",
    "updated": 0
  },
  {
    "id": "f724610e-0f25-4209-a98d-568c64225094",
    "data": [
      {
        "text": "Comenzar",
        "userDefined": false
      }
    ],
    "isTemplate": false,
    "count": 0,
    "lang": "es",
    "updated": 0
  },
  {
    "id": "f980599d-2c98-4015-ba2c-fde58ee3d2a8",
    "data": [
      {
        "text": "Iniciar conversacion",
        "userDefined": false
      }
    ],
    "isTemplate": false,
    "count": 0,
    "lang": "es",
    "updated": 0
  },
  {
    "id": "ee3ca46f-878d-49ac-a295-f42abaa0c014",
    "data": [
      {
        "text": "¿Estas ahi?",
        "userDefined": false
      }
    ],
    "isTemplate": false,
    "count": 1,
    "lang": "es",
    "updated": 0
  },
  {
    "id": "d552f5db-2363-4e16-9c71-175c0ef3ffd3",
    "data": [
      {
        "text": "Saludos",
        "userDefined": false
      }
    ],
    "isTemplate": false,
    "count": 0,
    "lang": "es",
    "updated": 0
  },
  {
    "id": "a98d6732-00ff-4ce5-ad56-6f51381f6d71",
    "data": [
      {
        "text": "Hey",
        "userDefined": false
      }
    ],
    "isTemplate": false,
    "count": 0,
    "lang": "es",
    "updated": 0
  },
  {
    "id": "b5d19a32-7043-4cd8-ad39-8b3afa986042",
    "data": [
      {
        "text": "¡Hola bot!",
        "userDefined": false
      }
    ],
    "isTemplate": false,
    "count": 0,
    "lang": "es",
    "updated": 0
  },
  {
    "id": "2c27f27e-57e2-4d67-8190-8f42ec80f10c",
    "data": [
      {
        "text": "menu",
        "userDefined": false
      }
    ],
    "isTemplate": false,
    "count": 0,
    "lang": "es",
    "updated": 0
  },
  {
    "id": "2be7203c-bb59-4c39-a02b-883c82d56ae7",
    "data": [
      {
        "text": "Buenas noches",
        "userDefined": false
      }
    ],
    "isTemplate": false,
    "count": 0,
    "lang": "es",
    "updated": 0
  },
  {
    "id": "71a5e54b-ea31-486e-903a-379c957b0343",
    "data": [
      {
        "text": "Buenas tardes",
        "userDefined": false
      }
    ],
    "isTemplate": false,
    "count": 0,
    "lang": "es",
    "updated": 0
  },
  {
    "id": "7bea357a-aae7-4c77-bd3c-8ee38b1c91a7",
    "data": [
      {
        "text": "Buenos dias",
        "userDefined": false
      }
    ],
    "isTemplate": false,
    "count": 0,
    "lang": "es",
    "updated": 0
  },
  {
    "id": "3fb0b319-5022-46e8-ac19-9a6ef83694e0",
    "data": [
      {
        "text": "Hola",
        "userDefined": false
      }
    ],
    "isTemplate": false,
    "count": 0,
    "lang": "es",
    "updated": 0
  }
]