[
  {
    "id": "23df8127-8f06-4aa1-be5c-3b5f40678678",
    "data": [
      {
        "text": "Imagenes restaurante",
        "userDefined": false
      }
    ],
    "isTemplate": false,
    "count": 0,
    "lang": "es",
    "updated": 0
  },
  {
    "id": "4fa8ac17-d441-4ac9-afca-c8737edcc7ed",
    "data": [
      {
        "text": "Foto bar",
        "userDefined": false
      }
    ],
    "isTemplate": false,
    "count": 0,
    "lang": "es",
    "updated": 0
  },
  {
    "id": "cfd17b62-0d03-4bf7-99a7-3aafff3dd4c4",
    "data": [
      {
        "text": "Restaurante",
        "userDefined": false
      }
    ],
    "isTemplate": false,
    "count": 0,
    "lang": "es",
    "updated": 0
  },
  {
    "id": "f071f350-1bda-499a-8e10-44a74bcdfd3f",
    "data": [
      {
        "text": "Tomar algo",
        "userDefined": false
      }
    ],
    "isTemplate": false,
    "count": 0,
    "lang": "es",
    "updated": 0
  },
  {
    "id": "7e4541b1-3240-4381-a0d2-068c47775110",
    "data": [
      {
        "text": "Bar",
        "userDefined": false
      }
    ],
    "isTemplate": false,
    "count": 0,
    "lang": "es",
    "updated": 0
  },
  {
    "id": "2ca04c85-462e-4163-88bf-d330e0ede5a4",
    "data": [
      {
        "text": "Cafe",
        "userDefined": false
      }
    ],
    "isTemplate": false,
    "count": 0,
    "lang": "es",
    "updated": 0
  },
  {
    "id": "a674a47c-f50a-45a6-a1e2-954184635cf5",
    "data": [
      {
        "text": "Cafe-bar",
        "userDefined": false
      }
    ],
    "isTemplate": false,
    "count": 0,
    "lang": "es",
    "updated": 0
  }
]