[
  {
    "id": "40e21ba8-7af1-4004-a6e2-23fca7b4920f",
    "data": [
      {
        "text": "Que comidas hay en el buffet?",
        "userDefined": false
      }
    ],
    "isTemplate": false,
    "count": 0,
    "lang": "es",
    "updated": 0
  },
  {
    "id": "b7aad960-4db1-4eab-a4ea-92b76ce7cbb7",
    "data": [
      {
        "text": "Es grande el comedor?",
        "userDefined": false
      }
    ],
    "isTemplate": false,
    "count": 0,
    "lang": "es",
    "updated": 0
  },
  {
    "id": "bdf570be-524a-4abc-bc7d-d35aa1bfb364",
    "data": [
      {
        "text": "Como es el comedor?",
        "userDefined": false
      }
    ],
    "isTemplate": false,
    "count": 0,
    "lang": "es",
    "updated": 0
  },
  {
    "id": "4a43e424-f6da-4660-86f7-83cdcebd9b34",
    "data": [
      {
        "text": "Cena",
        "userDefined": false
      }
    ],
    "isTemplate": false,
    "count": 0,
    "lang": "es",
    "updated": 0
  },
  {
    "id": "4bdca3ef-8eaa-46e4-84d3-1781a7721f6a",
    "data": [
      {
        "text": "Almuerzo",
        "userDefined": false
      }
    ],
    "isTemplate": false,
    "count": 0,
    "lang": "es",
    "updated": 0
  },
  {
    "id": "ca3a08fa-f083-4a49-927d-a7bb632fb3e9",
    "data": [
      {
        "text": "Desayuno",
        "userDefined": false
      }
    ],
    "isTemplate": false,
    "count": 0,
    "lang": "es",
    "updated": 0
  },
  {
    "id": "6a3cd00a-ff3a-431b-8902-6d9801d09057",
    "data": [
      {
        "text": "Comida",
        "userDefined": false
      }
    ],
    "isTemplate": false,
    "count": 0,
    "lang": "es",
    "updated": 0
  },
  {
    "id": "64263e91-97f2-475b-ae17-ca8260fcc01e",
    "data": [
      {
        "text": "Buffet libre",
        "userDefined": false
      }
    ],
    "isTemplate": false,
    "count": 0,
    "lang": "es",
    "updated": 0
  },
  {
    "id": "246d21ea-1d46-4d20-bfbd-75a7eab5aad7",
    "data": [
      {
        "text": "Fotos comedor",
        "userDefined": false
      }
    ],
    "isTemplate": false,
    "count": 0,
    "lang": "es",
    "updated": 0
  },
  {
    "id": "fd9b4aa1-27a2-42fc-a801-21abe3cf27d2",
    "data": [
      {
        "text": "Imagenes comedor",
        "userDefined": false
      }
    ],
    "isTemplate": false,
    "count": 0,
    "lang": "es",
    "updated": 0
  },
  {
    "id": "e4dece3a-7393-48be-bce3-bae0a06e87c9",
    "data": [
      {
        "text": "Donde esta el comedor",
        "userDefined": false
      }
    ],
    "isTemplate": false,
    "count": 0,
    "lang": "es",
    "updated": 0
  },
  {
    "id": "8dcbc7eb-cfdc-4a09-bff5-3e3b2d27f612",
    "data": [
      {
        "text": "Buffet",
        "userDefined": false
      }
    ],
    "isTemplate": false,
    "count": 0,
    "lang": "es",
    "updated": 0
  },
  {
    "id": "3a786820-0c9b-4e52-afc3-d1cf18d59633",
    "data": [
      {
        "text": "Comedor",
        "userDefined": false
      }
    ],
    "isTemplate": false,
    "count": 0,
    "lang": "es",
    "updated": 0
  }
]