[
  {
    "id": "a2d5459b-5fc0-4df4-bc96-3af5f47b017b",
    "data": [
      {
        "text": "Ver detalles de la reserva",
        "userDefined": false
      }
    ],
    "isTemplate": false,
    "count": 0,
    "lang": "es",
    "updated": 0
  },
  {
    "id": "0e77c29c-5ffa-42c3-b200-9a4770afd9f1",
    "data": [
      {
        "text": "Detalles de la reserva",
        "userDefined": false
      }
    ],
    "isTemplate": false,
    "count": 0,
    "lang": "es",
    "updated": 0
  },
  {
    "id": "7adcb184-37cf-4398-aa9b-a144b54c7ec1",
    "data": [
      {
        "text": "Revisar reserva",
        "userDefined": false
      }
    ],
    "isTemplate": false,
    "count": 0,
    "lang": "es",
    "updated": 0
  },
  {
    "id": "edfe26d3-872d-4350-98c5-f003ad8078e8",
    "data": [
      {
        "text": "¿Como puedo revisar una reserva?",
        "userDefined": false
      }
    ],
    "isTemplate": false,
    "count": 0,
    "lang": "es",
    "updated": 0
  },
  {
    "id": "b12ab828-501d-4c3c-83ce-9f832fb84789",
    "data": [
      {
        "text": "¿Como puedo ver los datos de mi reserva?",
        "userDefined": false
      }
    ],
    "isTemplate": false,
    "count": 0,
    "lang": "es",
    "updated": 0
  },
  {
    "id": "4eb28446-407f-42ae-bdd7-636e1d24d2d9",
    "data": [
      {
        "text": "¿Tengo una reserva?",
        "userDefined": false
      }
    ],
    "isTemplate": false,
    "count": 0,
    "lang": "es",
    "updated": 0
  },
  {
    "id": "f44b7966-e931-476a-aca9-2165563286f2",
    "data": [
      {
        "text": "¿Se ha realizado mi reserva?",
        "userDefined": false
      }
    ],
    "isTemplate": false,
    "count": 0,
    "lang": "es",
    "updated": 0
  },
  {
    "id": "faaea135-3da5-4882-9598-655d702ae9b4",
    "data": [
      {
        "text": "Consultar reserva",
        "userDefined": false
      }
    ],
    "isTemplate": false,
    "count": 0,
    "lang": "es",
    "updated": 0
  },
  {
    "id": "b1f08258-2861-4139-8614-2847c537284d",
    "data": [
      {
        "text": "Verificar reserva",
        "userDefined": false
      }
    ],
    "isTemplate": false,
    "count": 0,
    "lang": "es",
    "updated": 0
  },
  {
    "id": "719f7ba9-7ead-4f40-98cc-e33f530f3893",
    "data": [
      {
        "text": "Quiero ver los datos de mi reserva",
        "userDefined": false
      }
    ],
    "isTemplate": false,
    "count": 0,
    "lang": "es",
    "updated": 0
  },
  {
    "id": "11490d4a-7725-43aa-bf16-45ff068749a8",
    "data": [
      {
        "text": "Como puedo ver mi reserva",
        "userDefined": false
      }
    ],
    "isTemplate": false,
    "count": 0,
    "lang": "es",
    "updated": 0
  },
  {
    "id": "77737213-bed0-4090-a1e4-88a37ad4f3e2",
    "data": [
      {
        "text": "Datos de reserva",
        "userDefined": false
      }
    ],
    "isTemplate": false,
    "count": 0,
    "lang": "es",
    "updated": 0
  },
  {
    "id": "53b567a2-1e10-40f6-875c-64d2a1c33be4",
    "data": [
      {
        "text": "Acceder a reserva",
        "userDefined": false
      }
    ],
    "isTemplate": false,
    "count": 0,
    "lang": "es",
    "updated": 0
  },
  {
    "id": "66e00129-22a9-46c5-912c-fd3dec94c133",
    "data": [
      {
        "text": "Ver reserva",
        "userDefined": false
      }
    ],
    "isTemplate": false,
    "count": 0,
    "lang": "es",
    "updated": 0
  },
  {
    "id": "9698a8be-e702-460f-99cf-d0a1d5b291ff",
    "data": [
      {
        "text": "Consultar una reserva",
        "userDefined": false
      }
    ],
    "isTemplate": false,
    "count": 0,
    "lang": "es",
    "updated": 0
  }
]