[
  {
    "id": "23aa5c23-9782-4815-b8dc-ac8813fdb403",
    "data": [
      {
        "text": "quiero modificar el nombre de una reserva",
        "userDefined": false
      }
    ],
    "isTemplate": false,
    "count": 0,
    "lang": "es",
    "updated": 0
  },
  {
    "id": "5be496ca-8b2d-4204-999d-a1d2d682dff1",
    "data": [
      {
        "text": "quiero cambiar el nombre de mi reserva",
        "userDefined": false
      }
    ],
    "isTemplate": false,
    "count": 0,
    "lang": "es",
    "updated": 0
  },
  {
    "id": "f5e68fda-c4f5-47f5-8a0e-cd8a6a4ada9e",
    "data": [
      {
        "text": "Editar nombre",
        "userDefined": false
      }
    ],
    "isTemplate": false,
    "count": 0,
    "lang": "es",
    "updated": 0
  }
]