[
  {
    "id": "569142b0-0400-4743-bb1a-6bece43ecaea",
    "data": [
      {
        "text": "disminuir los niños de mi reserva",
        "userDefined": false
      }
    ],
    "isTemplate": false,
    "count": 0,
    "lang": "es",
    "updated": 0
  },
  {
    "id": "c32385c3-7f9b-4b02-afa4-82cf617bf99e",
    "data": [
      {
        "text": "aumentar el número de niños",
        "userDefined": false
      }
    ],
    "isTemplate": false,
    "count": 0,
    "lang": "es",
    "updated": 0
  },
  {
    "id": "1ab7d62d-4882-4371-9b15-4096746488a3",
    "data": [
      {
        "text": "eliminar niños",
        "userDefined": false
      }
    ],
    "isTemplate": false,
    "count": 0,
    "lang": "es",
    "updated": 0
  },
  {
    "id": "0958894c-7f1b-4a69-9eab-8c607990dfa7",
    "data": [
      {
        "text": "quitar niños",
        "userDefined": false
      }
    ],
    "isTemplate": false,
    "count": 0,
    "lang": "es",
    "updated": 0
  },
  {
    "id": "4fe0da8c-9c16-4236-b48d-abb5a76ccc0d",
    "data": [
      {
        "text": "añadir niños",
        "userDefined": false
      }
    ],
    "isTemplate": false,
    "count": 0,
    "lang": "es",
    "updated": 0
  },
  {
    "id": "76fedf6b-1238-4a7d-b220-5ebbd8331be1",
    "data": [
      {
        "text": "modificar el dato niños de mi reserva",
        "userDefined": false
      }
    ],
    "isTemplate": false,
    "count": 0,
    "lang": "es",
    "updated": 0
  },
  {
    "id": "7d1eef7d-90ff-4b9c-8173-be96ec155711",
    "data": [
      {
        "text": "cambiar el numero de niños de una reserva",
        "userDefined": false
      }
    ],
    "isTemplate": false,
    "count": 0,
    "lang": "es",
    "updated": 0
  },
  {
    "id": "980d1b09-b071-4a10-a97d-2f985bbafd2e",
    "data": [
      {
        "text": "editar hijos",
        "userDefined": false
      }
    ],
    "isTemplate": false,
    "count": 0,
    "lang": "es",
    "updated": 0
  }
]