[
  {
    "id": "73d26e98-a588-49b0-8fbb-b2c319c1dbd9",
    "data": [
      {
        "text": "modificar apellidos de mi reserva",
        "userDefined": false
      }
    ],
    "isTemplate": false,
    "count": 0,
    "lang": "es",
    "updated": 0
  },
  {
    "id": "73d9fd84-371d-4b45-bf55-c69bf3545e91",
    "data": [
      {
        "text": "quiero actualizar el DNI de una reserva",
        "userDefined": false
      }
    ],
    "isTemplate": false,
    "count": 0,
    "lang": "es",
    "updated": 0
  },
  {
    "id": "e9c4a77f-b356-42ab-93d9-d9b938730ad8",
    "data": [
      {
        "text": "Cambiar DNI de mi reserva",
        "userDefined": false
      }
    ],
    "isTemplate": false,
    "count": 0,
    "lang": "es",
    "updated": 0
  },
  {
    "id": "e73b729b-bf3b-4022-b699-b9cf17f64efc",
    "data": [
      {
        "text": "editar DNI",
        "userDefined": false
      }
    ],
    "isTemplate": false,
    "count": 0,
    "lang": "es",
    "updated": 0
  }
]