[
  {
    "id": "ff823cdc-09be-43f4-817c-af896987b2c8",
    "data": [
      {
        "text": "modificar mi teléfono",
        "userDefined": false
      }
    ],
    "isTemplate": false,
    "count": 0,
    "lang": "es",
    "updated": 0
  },
  {
    "id": "119037ec-9fac-4234-85ea-40b5e07ab8af",
    "data": [
      {
        "text": "actualizar el teléfono que proporcioné para mi reserva",
        "userDefined": false
      }
    ],
    "isTemplate": false,
    "count": 0,
    "lang": "es",
    "updated": 0
  },
  {
    "id": "b789e7cf-264a-4ebe-8f3a-a58b2213a0f8",
    "data": [
      {
        "text": "cambiar telífono de mi reserva",
        "userDefined": false
      }
    ],
    "isTemplate": false,
    "count": 0,
    "lang": "es",
    "updated": 0
  },
  {
    "id": "46118075-8c6b-4936-b4cc-cfa1b2916ae1",
    "data": [
      {
        "text": "editar telefono",
        "userDefined": false
      }
    ],
    "isTemplate": false,
    "count": 0,
    "lang": "es",
    "updated": 0
  }
]