[
  {
    "id": "7978b3e2-6524-44fd-948f-b96ee4610aec",
    "data": [
      {
        "text": "editar_diasReserva",
        "userDefined": false
      }
    ],
    "isTemplate": false,
    "count": 0,
    "lang": "es",
    "updated": 0
  },
  {
    "id": "e083255e-be8f-4e98-9b26-e49681281b39",
    "data": [
      {
        "text": "quiero reducir el numero de dias de la reserva",
        "userDefined": false
      }
    ],
    "isTemplate": false,
    "count": 0,
    "lang": "es",
    "updated": 0
  },
  {
    "id": "1edd0179-831d-4e02-bf13-1c6501435836",
    "data": [
      {
        "text": "quiero aumentar la duración de la reserva",
        "userDefined": false
      }
    ],
    "isTemplate": false,
    "count": 0,
    "lang": "es",
    "updated": 0
  },
  {
    "id": "6b78c9b1-77c2-45d5-97a7-23446e86cd74",
    "data": [
      {
        "text": "Editar duración",
        "userDefined": false
      }
    ],
    "isTemplate": false,
    "count": 0,
    "lang": "es",
    "updated": 0
  },
  {
    "id": "4130f07a-7ec2-4376-81bc-cd95a0477933",
    "data": [
      {
        "text": "actualizar la duración",
        "userDefined": false
      }
    ],
    "isTemplate": false,
    "count": 0,
    "lang": "es",
    "updated": 0
  },
  {
    "id": "b1a3da19-1ffc-47da-a60d-37dc05e1ff26",
    "data": [
      {
        "text": "modificar la duración de una reserva",
        "userDefined": false
      }
    ],
    "isTemplate": false,
    "count": 0,
    "lang": "es",
    "updated": 0
  },
  {
    "id": "b2667cb8-251f-4b68-8e3b-db9242016195",
    "data": [
      {
        "text": "cambiar los días de la reserva",
        "userDefined": false
      }
    ],
    "isTemplate": false,
    "count": 0,
    "lang": "es",
    "updated": 0
  },
  {
    "id": "285ef352-a201-4452-9d58-bdba94b2aff5",
    "data": [
      {
        "text": "editar la duración de mi reserva",
        "userDefined": false
      }
    ],
    "isTemplate": false,
    "count": 0,
    "lang": "es",
    "updated": 0
  }
]