[
  {
    "id": "69bb1c03-8288-484c-8ed3-8c4fe91851b4",
    "data": [
      {
        "text": "editar_fechaInicio",
        "userDefined": false
      }
    ],
    "isTemplate": false,
    "count": 0,
    "lang": "es",
    "updated": 0
  },
  {
    "id": "5bd6805e-4feb-4e83-84e7-d41446b71b47",
    "data": [
      {
        "text": "editar fecha de inicio",
        "userDefined": false
      }
    ],
    "isTemplate": false,
    "count": 0,
    "lang": "es",
    "updated": 0
  },
  {
    "id": "13cbbfe2-69b1-4755-917a-16bdf450dae0",
    "data": [
      {
        "text": "cambiar la fecha de inicio de mi reserva",
        "userDefined": false
      }
    ],
    "isTemplate": false,
    "count": 0,
    "lang": "es",
    "updated": 0
  },
  {
    "id": "84ab07d8-bd30-4d30-9f95-a2d4c0ae6f9a",
    "data": [
      {
        "text": "modificar fecha de inicio de la reserva",
        "userDefined": false
      }
    ],
    "isTemplate": false,
    "count": 1,
    "lang": "es",
    "updated": 0
  }
]