[
  {
    "id": "aa92c787-603b-4b0d-9ad4-b1d13cd5bef7",
    "data": [
      {
        "text": "actualizar el correo electrónico de mi reserva",
        "userDefined": false
      }
    ],
    "isTemplate": false,
    "count": 0,
    "lang": "es",
    "updated": 0
  },
  {
    "id": "c437cc2d-fe6d-4961-988f-bd97abcf22cc",
    "data": [
      {
        "text": "modificar mi email",
        "userDefined": false
      }
    ],
    "isTemplate": false,
    "count": 0,
    "lang": "es",
    "updated": 0
  },
  {
    "id": "2f8d7aab-70f5-497e-a7c1-a65921db7cd5",
    "data": [
      {
        "text": "cambiar el correo electrónico de mi reserva",
        "userDefined": false
      }
    ],
    "isTemplate": false,
    "count": 0,
    "lang": "es",
    "updated": 0
  },
  {
    "id": "ae2176d1-99f9-41a6-ac28-f56505d870d2",
    "data": [
      {
        "text": "editar email",
        "userDefined": false
      }
    ],
    "isTemplate": false,
    "count": 0,
    "lang": "es",
    "updated": 0
  }
]