[
  {
    "id": "d477ee54-7ebc-40f5-be1b-1a307ccbe44f",
    "data": [
      {
        "text": "editar_tipodeestancia",
        "userDefined": false
      }
    ],
    "isTemplate": false,
    "count": 0,
    "lang": "es",
    "updated": 0
  },
  {
    "id": "ac858820-19a5-4bad-9323-c8662d479944",
    "data": [
      {
        "text": "editar tipo de estancia",
        "userDefined": false
      }
    ],
    "isTemplate": false,
    "count": 0,
    "lang": "es",
    "updated": 0
  },
  {
    "id": "d23ca637-41e3-4d59-9cc0-117f8666322b",
    "data": [
      {
        "text": "modificar tipo de estancia de mi reserva",
        "userDefined": false
      }
    ],
    "isTemplate": false,
    "count": 0,
    "lang": "es",
    "updated": 0
  },
  {
    "id": "b2b059b2-cc55-4c86-894d-b16c7a08c31f",
    "data": [
      {
        "text": "cambiar tipo de estancia de la reserva",
        "userDefined": false
      }
    ],
    "isTemplate": false,
    "count": 0,
    "lang": "es",
    "updated": 0
  },
  {
    "id": "6802369b-d67e-4ffa-83f2-089c2adbe802",
    "data": [
      {
        "text": "editar el tipo de estancia",
        "userDefined": false
      }
    ],
    "isTemplate": false,
    "count": 0,
    "lang": "es",
    "updated": 0
  }
]