[
  {
    "id": "fdd648f7-065d-477c-9c0f-de2fbb34cb9e",
    "data": [
      {
        "text": "actualizar apellidos",
        "userDefined": false
      }
    ],
    "isTemplate": false,
    "count": 0,
    "lang": "es",
    "updated": 0
  },
  {
    "id": "4fa02a12-2f59-4e83-b0e2-dd45b4dcc788",
    "data": [
      {
        "text": "modificar los apellido de mi reserva",
        "userDefined": false
      }
    ],
    "isTemplate": false,
    "count": 0,
    "lang": "es",
    "updated": 0
  },
  {
    "id": "21fedaa6-2ee1-42b2-b7d5-e3d9f64731f0",
    "data": [
      {
        "text": "cambiar apellidos de una reserva",
        "userDefined": false
      }
    ],
    "isTemplate": false,
    "count": 0,
    "lang": "es",
    "updated": 0
  },
  {
    "id": "34676465-a087-45d7-8718-c03fcc79388a",
    "data": [
      {
        "text": "editar apellidos",
        "userDefined": false
      }
    ],
    "isTemplate": false,
    "count": 0,
    "lang": "es",
    "updated": 0
  }
]