[
  {
    "id": "a5cb5e06-2c2f-487f-a7a5-23218f35e681",
    "data": [
      {
        "text": "Cambiar",
        "userDefined": false
      }
    ],
    "isTemplate": false,
    "count": 0,
    "lang": "es",
    "updated": 0
  },
  {
    "id": "848de1b4-4701-4a37-8cbe-3963da50a244",
    "data": [
      {
        "text": "Cambiar detalles de la reserva.",
        "userDefined": false
      }
    ],
    "isTemplate": false,
    "count": 0,
    "lang": "es",
    "updated": 0
  },
  {
    "id": "e1de0750-e6bf-4b74-aea6-89d10efa23fb",
    "data": [
      {
        "text": "Actualizar reserva",
        "userDefined": false
      }
    ],
    "isTemplate": false,
    "count": 0,
    "lang": "es",
    "updated": 0
  },
  {
    "id": "37d663cd-d0c9-446c-9fbf-ba6db8406c30",
    "data": [
      {
        "text": "¿Cómo puedo hacer cambios en mi reserva?",
        "userDefined": false
      }
    ],
    "isTemplate": false,
    "count": 0,
    "lang": "es",
    "updated": 0
  },
  {
    "id": "417f6c29-60aa-412a-bdde-3f31fbc5eaa8",
    "data": [
      {
        "text": "Modificar reserva",
        "userDefined": false
      }
    ],
    "isTemplate": false,
    "count": 0,
    "lang": "es",
    "updated": 0
  },
  {
    "id": "c3c6b370-f73c-4910-a15c-3eb018441e38",
    "data": [
      {
        "text": "modificar datos",
        "userDefined": false
      }
    ],
    "isTemplate": false,
    "count": 0,
    "lang": "es",
    "updated": 0
  },
  {
    "id": "f4320771-2ec8-4ba0-bcb9-4a54bd79ccc5",
    "data": [
      {
        "text": "cambiar algún dato de mi reserva",
        "userDefined": false
      }
    ],
    "isTemplate": false,
    "count": 0,
    "lang": "es",
    "updated": 0
  },
  {
    "id": "4c4b6fa3-70d9-43ab-91e7-f5a1fd5fbc35",
    "data": [
      {
        "text": "editar datos de la reserva",
        "userDefined": false
      }
    ],
    "isTemplate": false,
    "count": 0,
    "lang": "es",
    "updated": 0
  },
  {
    "id": "e3c1c135-7355-4c00-9ec3-8bc82c4dda1a",
    "data": [
      {
        "text": "actualizar la reserva",
        "userDefined": false
      }
    ],
    "isTemplate": false,
    "count": 0,
    "lang": "es",
    "updated": 0
  },
  {
    "id": "6b9ad601-46b4-479c-b55a-1cba2a9374ab",
    "data": [
      {
        "text": "cambiar mi reserva",
        "userDefined": false
      }
    ],
    "isTemplate": false,
    "count": 0,
    "lang": "es",
    "updated": 0
  },
  {
    "id": "af17d594-eea3-47a0-92d1-f9a4f86f16c0",
    "data": [
      {
        "text": "modificar una reserva",
        "userDefined": false
      }
    ],
    "isTemplate": false,
    "count": 0,
    "lang": "es",
    "updated": 0
  },
  {
    "id": "40305d33-f99d-4cb4-829c-82c8c28c375a",
    "data": [
      {
        "text": "editar reserva",
        "userDefined": false
      }
    ],
    "isTemplate": false,
    "count": 0,
    "lang": "es",
    "updated": 0
  }
]