[
  {
    "id": "fa1058d7-0ffc-4450-81a7-b255906df1df",
    "data": [
      {
        "text": "aumentar el número de adultos",
        "userDefined": false
      }
    ],
    "isTemplate": false,
    "count": 0,
    "lang": "es",
    "updated": 0
  },
  {
    "id": "4c57109a-5c4d-4412-9777-d9120f20518b",
    "data": [
      {
        "text": "reducir el número de adultos",
        "userDefined": false
      }
    ],
    "isTemplate": false,
    "count": 0,
    "lang": "es",
    "updated": 0
  },
  {
    "id": "4c03791e-d0ed-48ec-8524-18e6aa895d09",
    "data": [
      {
        "text": "eliminar adultos de mi reserva",
        "userDefined": false
      }
    ],
    "isTemplate": false,
    "count": 0,
    "lang": "es",
    "updated": 0
  },
  {
    "id": "fe4895bb-6a80-4961-a457-a43fc28056e0",
    "data": [
      {
        "text": "añadir adultos a la reserva",
        "userDefined": false
      }
    ],
    "isTemplate": false,
    "count": 0,
    "lang": "es",
    "updated": 0
  },
  {
    "id": "afc60307-277a-4220-b34e-5d2a4501bd57",
    "data": [
      {
        "text": "quiero modificar los adultos de la reserva",
        "userDefined": false
      }
    ],
    "isTemplate": false,
    "count": 0,
    "lang": "es",
    "updated": 0
  },
  {
    "id": "a88748a7-775a-4534-925a-a2e8359767d6",
    "data": [
      {
        "text": "cambiar adultos de mi reserva",
        "userDefined": false
      }
    ],
    "isTemplate": false,
    "count": 0,
    "lang": "es",
    "updated": 0
  },
  {
    "id": "ae7bd998-5dff-468a-9599-3f09e7bd0b29",
    "data": [
      {
        "text": "editar adultos",
        "userDefined": false
      }
    ],
    "isTemplate": false,
    "count": 0,
    "lang": "es",
    "updated": 0
  }
]