[
  {
    "id": "daa4b18c-a49e-4fd8-98f6-1deed499fcac",
    "data": [
      {
        "text": "Eliminar reserva",
        "userDefined": false
      }
    ],
    "isTemplate": false,
    "count": 0,
    "lang": "es",
    "updated": 0
  },
  {
    "id": "c4151b88-c1e3-4344-8756-16f74ce8cbd0",
    "data": [
      {
        "text": "Anular reserva",
        "userDefined": false
      }
    ],
    "isTemplate": false,
    "count": 0,
    "lang": "es",
    "updated": 0
  },
  {
    "id": "cd33a908-9ce3-490c-973d-54d7f75c4a6e",
    "data": [
      {
        "text": "Cancelar reserva",
        "userDefined": false
      }
    ],
    "isTemplate": false,
    "count": 0,
    "lang": "es",
    "updated": 0
  },
  {
    "id": "d8356f72-3c58-4087-a382-391b2defd3eb",
    "data": [
      {
        "text": "Eliminar",
        "userDefined": false
      }
    ],
    "isTemplate": false,
    "count": 0,
    "lang": "es",
    "updated": 0
  },
  {
    "id": "2379402a-53a5-4985-85a3-c58eec445a05",
    "data": [
      {
        "text": "Cancelar",
        "userDefined": false
      }
    ],
    "isTemplate": false,
    "count": 0,
    "lang": "es",
    "updated": 0
  },
  {
    "id": "2940a9ea-d1a2-4668-8b8e-218f8d10ded6",
    "data": [
      {
        "text": "Anular",
        "userDefined": false
      }
    ],
    "isTemplate": false,
    "count": 0,
    "lang": "es",
    "updated": 0
  },
  {
    "id": "457e18f0-1ad7-4e8c-89cb-05e05b4af70e",
    "data": [
      {
        "text": "¿Cómo cancelo mi reserva?",
        "userDefined": false
      }
    ],
    "isTemplate": false,
    "count": 0,
    "lang": "es",
    "updated": 0
  },
  {
    "id": "2fb9bf4f-0c47-46e4-a71c-b61bfb80aa00",
    "data": [
      {
        "text": "No necesito mi reserva, cancelar por favor.",
        "userDefined": false
      }
    ],
    "isTemplate": false,
    "count": 0,
    "lang": "es",
    "updated": 0
  },
  {
    "id": "f1fdd66b-aa2d-4be3-bf51-958396446699",
    "data": [
      {
        "text": "¿Cómo puedo anular mi reserva?",
        "userDefined": false
      }
    ],
    "isTemplate": false,
    "count": 0,
    "lang": "es",
    "updated": 0
  },
  {
    "id": "8e03edda-22c3-4ef8-89bf-f52ae3c59690",
    "data": [
      {
        "text": "Borrar reserva",
        "userDefined": false
      }
    ],
    "isTemplate": false,
    "count": 0,
    "lang": "es",
    "updated": 0
  },
  {
    "id": "bb78d5ad-1650-48ce-8cb9-2bf3a416f6f2",
    "data": [
      {
        "text": "Cancelar reserva de habitacion",
        "userDefined": false
      }
    ],
    "isTemplate": false,
    "count": 0,
    "lang": "es",
    "updated": 0
  },
  {
    "id": "b62964c4-1d0f-4bc0-92f0-676ff914a370",
    "data": [
      {
        "text": "Eliminar habitacion",
        "userDefined": false
      }
    ],
    "isTemplate": false,
    "count": 1,
    "lang": "es",
    "updated": 0
  },
  {
    "id": "0115ed43-e9ff-4c77-89c6-51857bf20894",
    "data": [
      {
        "text": "Quiero cancelar mi reserva",
        "userDefined": false
      }
    ],
    "isTemplate": false,
    "count": 0,
    "lang": "es",
    "updated": 0
  },
  {
    "id": "3bca4138-dfc9-44a1-a4a6-7c2f8107a76b",
    "data": [
      {
        "text": "Eliminar una reserva",
        "userDefined": false
      }
    ],
    "isTemplate": false,
    "count": 0,
    "lang": "es",
    "updated": 0
  }
]