[
  {
    "id": "a77b08b7-1671-47f3-ba83-2e2513376260",
    "data": [
      {
        "text": "gestiones",
        "userDefined": false
      }
    ],
    "isTemplate": false,
    "count": 0,
    "lang": "es",
    "updated": 0
  },
  {
    "id": "510e4cb3-58ee-45fd-819e-381b10287d6a",
    "data": [
      {
        "text": "que puedo hacer con mi reserva",
        "userDefined": false
      }
    ],
    "isTemplate": false,
    "count": 0,
    "lang": "es",
    "updated": 0
  },
  {
    "id": "c12ade3b-ba30-4b8d-a5fc-05c159432042",
    "data": [
      {
        "text": "opciones de mi reserva",
        "userDefined": false
      }
    ],
    "isTemplate": false,
    "count": 0,
    "lang": "es",
    "updated": 0
  },
  {
    "id": "bf2b2d44-217b-4d7c-97ff-d61dacbe2c7e",
    "data": [
      {
        "text": "operaciones de reserva",
        "userDefined": false
      }
    ],
    "isTemplate": false,
    "count": 0,
    "lang": "es",
    "updated": 0
  },
  {
    "id": "d2a6d4c0-b162-4966-aa51-14a2161c8366",
    "data": [
      {
        "text": "Reserva",
        "userDefined": false
      }
    ],
    "isTemplate": false,
    "count": 0,
    "lang": "es",
    "updated": 0
  }
]