[
  {
    "id": "31c5c4e4-860f-4a04-928d-53e8b4f538b4",
    "data": [
      {
        "text": "Cinta de correr",
        "userDefined": false
      }
    ],
    "isTemplate": false,
    "count": 0,
    "lang": "es",
    "updated": 0
  },
  {
    "id": "1885ad56-5629-445d-816c-8edccc13b722",
    "data": [
      {
        "text": "Imagenes gym",
        "userDefined": false
      }
    ],
    "isTemplate": false,
    "count": 0,
    "lang": "es",
    "updated": 0
  },
  {
    "id": "a7795411-71bf-4c76-979c-a210c30a71e9",
    "data": [
      {
        "text": "Fotos gimnasio",
        "userDefined": false
      }
    ],
    "isTemplate": false,
    "count": 0,
    "lang": "es",
    "updated": 0
  },
  {
    "id": "2a81e4f6-2d8a-4e1c-ad0a-cf3263e920aa",
    "data": [
      {
        "text": "Como sigo en forma?",
        "userDefined": false
      }
    ],
    "isTemplate": false,
    "count": 0,
    "lang": "es",
    "updated": 0
  },
  {
    "id": "42f7bfcb-6846-4f29-bae6-c0b008c06d42",
    "data": [
      {
        "text": "Puedo estar en forma?",
        "userDefined": false
      }
    ],
    "isTemplate": false,
    "count": 0,
    "lang": "es",
    "updated": 0
  },
  {
    "id": "8a361264-252d-426c-8eda-7846f790dbdb",
    "data": [
      {
        "text": "Pesas",
        "userDefined": false
      }
    ],
    "isTemplate": false,
    "count": 0,
    "lang": "es",
    "updated": 0
  },
  {
    "id": "76f3de15-dd2c-4a18-889e-83d1d7dd0b66",
    "data": [
      {
        "text": "Mancuerna",
        "userDefined": false
      }
    ],
    "isTemplate": false,
    "count": 0,
    "lang": "es",
    "updated": 0
  },
  {
    "id": "3a84abaf-2e80-401c-a0aa-aca5f217f2de",
    "data": [
      {
        "text": "Se puede entrenar en el hotel?",
        "userDefined": false
      }
    ],
    "isTemplate": false,
    "count": 0,
    "lang": "es",
    "updated": 0
  },
  {
    "id": "5187b153-5aa1-4612-8a63-dbb71e939e78",
    "data": [
      {
        "text": "Entreno",
        "userDefined": false
      }
    ],
    "isTemplate": false,
    "count": 0,
    "lang": "es",
    "updated": 0
  },
  {
    "id": "7aa87dc1-7642-48b1-b04c-2d1a0b8ac6cb",
    "data": [
      {
        "text": "Entrenamiento",
        "userDefined": false
      }
    ],
    "isTemplate": false,
    "count": 0,
    "lang": "es",
    "updated": 0
  },
  {
    "id": "8a9ca75a-41ed-4981-898f-bf4e9869b263",
    "data": [
      {
        "text": "Donde puedo hacer ejercicio",
        "userDefined": false
      }
    ],
    "isTemplate": false,
    "count": 0,
    "lang": "es",
    "updated": 0
  },
  {
    "id": "bd601bfb-43bb-4674-97c2-b79ad2996125",
    "data": [
      {
        "text": "Musculos",
        "userDefined": false
      }
    ],
    "isTemplate": false,
    "count": 0,
    "lang": "es",
    "updated": 0
  },
  {
    "id": "5953eb45-7c55-4e6c-9885-499b580931d0",
    "data": [
      {
        "text": "Rutina",
        "userDefined": false
      }
    ],
    "isTemplate": false,
    "count": 0,
    "lang": "es",
    "updated": 0
  },
  {
    "id": "b9e009a3-b07a-4680-92bd-12059613df34",
    "data": [
      {
        "text": "Ejercicio",
        "userDefined": false
      }
    ],
    "isTemplate": false,
    "count": 0,
    "lang": "es",
    "updated": 0
  },
  {
    "id": "c775f781-2a31-476e-a315-92258a088824",
    "data": [
      {
        "text": "Gym",
        "userDefined": false
      }
    ],
    "isTemplate": false,
    "count": 0,
    "lang": "es",
    "updated": 0
  },
  {
    "id": "54daf57d-1f04-452e-a317-8014eec56700",
    "data": [
      {
        "text": "Gimnasio",
        "userDefined": false
      }
    ],
    "isTemplate": false,
    "count": 0,
    "lang": "es",
    "updated": 0
  }
]