[
  {
    "id": "928ae5d3-574f-4445-8886-8b01137f7bcc",
    "data": [
      {
        "text": "Consultar horario del spa",
        "userDefined": false
      }
    ],
    "isTemplate": false,
    "count": 0,
    "lang": "es",
    "updated": 0
  },
  {
    "id": "dd53492e-e373-40a0-ba15-1c11afdb3382",
    "data": [
      {
        "text": "Consultar horario del bar",
        "userDefined": false
      }
    ],
    "isTemplate": false,
    "count": 0,
    "lang": "es",
    "updated": 0
  },
  {
    "id": "9d08295d-8864-4df2-8cae-25a872950238",
    "data": [
      {
        "text": "Consultar horario picina",
        "userDefined": false
      }
    ],
    "isTemplate": false,
    "count": 0,
    "lang": "es",
    "updated": 0
  },
  {
    "id": "f38e23ce-68c3-4e8d-bf39-e9317c8c4985",
    "data": [
      {
        "text": "Horario bar",
        "userDefined": false
      }
    ],
    "isTemplate": false,
    "count": 0,
    "lang": "es",
    "updated": 0
  },
  {
    "id": "e3ef4d38-df1d-4856-9a31-01b911353ee5",
    "data": [
      {
        "text": "Horario spa",
        "userDefined": false
      }
    ],
    "isTemplate": false,
    "count": 0,
    "lang": "es",
    "updated": 0
  },
  {
    "id": "41f1fd74-24ed-4ce0-9e38-49b7f592bf32",
    "data": [
      {
        "text": "Horario piscina",
        "userDefined": false
      }
    ],
    "isTemplate": false,
    "count": 0,
    "lang": "es",
    "updated": 0
  },
  {
    "id": "17f48a69-9da9-427d-81bb-8bb78f33b02f",
    "data": [
      {
        "text": "Consultar horario de los servicio",
        "userDefined": false
      }
    ],
    "isTemplate": false,
    "count": 0,
    "lang": "es",
    "updated": 0
  },
  {
    "id": "6f2bc1f3-5167-449d-9ea3-1b4b8234019a",
    "data": [
      {
        "text": "Ver horario servicios",
        "userDefined": false
      }
    ],
    "isTemplate": false,
    "count": 0,
    "lang": "es",
    "updated": 0
  },
  {
    "id": "dba2aaff-1b56-46af-a572-83bd7cf56fb4",
    "data": [
      {
        "text": "Horario de los servicios",
        "userDefined": false
      }
    ],
    "isTemplate": false,
    "count": 0,
    "lang": "es",
    "updated": 0
  }
]