[
  {
    "id": "7048cadc-3135-4d2e-a6d0-d2ae5d219daf",
    "data": [
      {
        "text": "Horario de atención al cliente",
        "userDefined": false
      }
    ],
    "isTemplate": false,
    "count": 0,
    "lang": "es",
    "updated": 0
  },
  {
    "id": "3b31f219-77bd-47cd-bcab-5bdb1d6da256",
    "data": [
      {
        "text": "horario_atencion",
        "userDefined": false
      }
    ],
    "isTemplate": false,
    "count": 0,
    "lang": "es",
    "updated": 0
  },
  {
    "id": "4e7f894d-cee1-486e-ba2e-eefa2cbe5dd8",
    "data": [
      {
        "text": "Horario atención al cliente",
        "userDefined": false
      }
    ],
    "isTemplate": false,
    "count": 0,
    "lang": "es",
    "updated": 0
  }
]