[
  {
    "id": "b9fec6e8-ea44-4c5c-a154-691e36c61946",
    "data": [
      {
        "text": "Ver horario",
        "userDefined": false
      }
    ],
    "isTemplate": false,
    "count": 0,
    "lang": "es",
    "updated": 0
  },
  {
    "id": "36637cab-b645-4131-b484-8e0cb6608f11",
    "data": [
      {
        "text": "Consultar horario",
        "userDefined": false
      }
    ],
    "isTemplate": false,
    "count": 0,
    "lang": "es",
    "updated": 0
  },
  {
    "id": "39ee006c-4b88-4ca3-8f46-221ebbf7cb88",
    "data": [
      {
        "text": "Horario",
        "userDefined": false
      }
    ],
    "isTemplate": false,
    "count": 0,
    "lang": "es",
    "updated": 0
  }
]