[
  {
    "id": "cecbec10-a22a-4016-9f26-f5276a454ba0",
    "data": [
      {
        "text": "Horario de entrada/salida",
        "userDefined": false
      }
    ],
    "isTemplate": false,
    "count": 0,
    "lang": "es",
    "updated": 0
  },
  {
    "id": "bdc516fd-e8e7-4cca-8de3-9b611d920e60",
    "data": [
      {
        "text": "Horario de salida",
        "userDefined": false
      }
    ],
    "isTemplate": false,
    "count": 0,
    "lang": "es",
    "updated": 0
  },
  {
    "id": "e9f8d9bf-1661-4b72-998c-5d8dc09e4563",
    "data": [
      {
        "text": "Horario de entrada",
        "userDefined": false
      }
    ],
    "isTemplate": false,
    "count": 0,
    "lang": "es",
    "updated": 0
  },
  {
    "id": "8c4e278f-cf52-40f6-8a58-cbf5a52ad358",
    "data": [
      {
        "text": "Horario de salida del hotel",
        "userDefined": false
      }
    ],
    "isTemplate": false,
    "count": 0,
    "lang": "es",
    "updated": 0
  },
  {
    "id": "a58b2fb3-4cca-4dff-9fac-ac818d49b98c",
    "data": [
      {
        "text": "Horario de entrada al hotel",
        "userDefined": false
      }
    ],
    "isTemplate": false,
    "count": 0,
    "lang": "es",
    "updated": 0
  },
  {
    "id": "0365d2c7-e90a-496b-be4a-fb8a8d505a76",
    "data": [
      {
        "text": "Ver horario de check",
        "userDefined": false
      }
    ],
    "isTemplate": false,
    "count": 0,
    "lang": "es",
    "updated": 0
  },
  {
    "id": "eabe3cef-ad0f-4e5b-9c5d-06d97b1bc144",
    "data": [
      {
        "text": "horario_check",
        "userDefined": false
      }
    ],
    "isTemplate": false,
    "count": 0,
    "lang": "es",
    "updated": 0
  },
  {
    "id": "06740f2d-5ac2-4df7-85b5-ee84cf0a1f90",
    "data": [
      {
        "text": "Horario de check-in y check-out",
        "userDefined": false
      }
    ],
    "isTemplate": false,
    "count": 0,
    "lang": "es",
    "updated": 0
  }
]