[
  {
    "id": "2b4501f1-f731-49b4-b53a-2ec170b480b5",
    "data": [
      {
        "text": "Consultar horario de la cena",
        "userDefined": false
      }
    ],
    "isTemplate": false,
    "count": 0,
    "lang": "es",
    "updated": 0
  },
  {
    "id": "893d1945-aa03-47a7-b7a2-d39840a95c41",
    "data": [
      {
        "text": "Consultar horario del almuerzo",
        "userDefined": false
      }
    ],
    "isTemplate": false,
    "count": 0,
    "lang": "es",
    "updated": 0
  },
  {
    "id": "f44615ad-71ec-4f2e-a719-5751ad96d178",
    "data": [
      {
        "text": "Consultar horario del desayuno",
        "userDefined": false
      }
    ],
    "isTemplate": false,
    "count": 0,
    "lang": "es",
    "updated": 0
  },
  {
    "id": "f4bcbf61-ea41-44d6-9190-ec7662ad24db",
    "data": [
      {
        "text": "Consultar horario de la comida",
        "userDefined": false
      }
    ],
    "isTemplate": false,
    "count": 0,
    "lang": "es",
    "updated": 0
  },
  {
    "id": "e3e2892a-74e7-4e0b-9edb-e26abd5dccbd",
    "data": [
      {
        "text": "Consultar horario comida",
        "userDefined": false
      }
    ],
    "isTemplate": false,
    "count": 0,
    "lang": "es",
    "updated": 0
  },
  {
    "id": "2c5115ff-3a60-457f-a806-760adeacd8f9",
    "data": [
      {
        "text": "Horario de las comidas",
        "userDefined": false
      }
    ],
    "isTemplate": false,
    "count": 0,
    "lang": "es",
    "updated": 0
  },
  {
    "id": "3f2b2eed-fd7c-444f-adac-defd3a3ac6ba",
    "data": [
      {
        "text": "Horario cena",
        "userDefined": false
      }
    ],
    "isTemplate": false,
    "count": 0,
    "lang": "es",
    "updated": 0
  },
  {
    "id": "ca2aa607-6189-4f8a-920b-44a7c461ab54",
    "data": [
      {
        "text": "Horario almuerzo",
        "userDefined": false
      }
    ],
    "isTemplate": false,
    "count": 0,
    "lang": "es",
    "updated": 0
  },
  {
    "id": "67730374-87f5-4bc7-8998-f17e2986adbb",
    "data": [
      {
        "text": "Horario desayuno",
        "userDefined": false
      }
    ],
    "isTemplate": false,
    "count": 0,
    "lang": "es",
    "updated": 0
  },
  {
    "id": "82bd2369-5a8f-4929-aad4-a14ccbd4ad58",
    "data": [
      {
        "text": "Ver horario comida",
        "userDefined": false
      }
    ],
    "isTemplate": false,
    "count": 0,
    "lang": "es",
    "updated": 0
  },
  {
    "id": "54e42413-5f69-4ab7-8700-8e180cbca9ec",
    "data": [
      {
        "text": "Ver horario comedor",
        "userDefined": false
      }
    ],
    "isTemplate": false,
    "count": 0,
    "lang": "es",
    "updated": 0
  },
  {
    "id": "7e40a299-d723-47e2-82c4-7de3c8f755f5",
    "data": [
      {
        "text": "horario_comedor",
        "userDefined": false
      }
    ],
    "isTemplate": false,
    "count": 0,
    "lang": "es",
    "updated": 0
  },
  {
    "id": "03809fbf-5629-4c0d-865d-6e4e4ac65b5b",
    "data": [
      {
        "text": "Horario del comedor",
        "userDefined": false
      }
    ],
    "isTemplate": false,
    "count": 0,
    "lang": "es",
    "updated": 0
  }
]