[
  {
    "id": "26bdec44-92e7-4176-b35c-088d552dd17b",
    "data": [
      {
        "text": "Cuales son las instalaciones?",
        "userDefined": false
      }
    ],
    "isTemplate": false,
    "count": 0,
    "lang": "es",
    "updated": 0
  },
  {
    "id": "6cd0b531-44dc-4104-9484-d5c738751955",
    "data": [
      {
        "text": "Es bonito el hotel?",
        "userDefined": false
      }
    ],
    "isTemplate": false,
    "count": 0,
    "lang": "es",
    "updated": 0
  },
  {
    "id": "e36a85c5-8082-403a-a679-f5a0ce0470f7",
    "data": [
      {
        "text": "Imagenes hotel",
        "userDefined": false
      }
    ],
    "isTemplate": false,
    "count": 0,
    "lang": "es",
    "updated": 0
  },
  {
    "id": "b3096e73-2f53-4600-a921-245a31840567",
    "data": [
      {
        "text": "Fotos",
        "userDefined": false
      }
    ],
    "isTemplate": false,
    "count": 0,
    "lang": "es",
    "updated": 0
  },
  {
    "id": "4e783576-f0c3-4f2c-aa0e-6eb3287abf1f",
    "data": [
      {
        "text": "Fotos instalaciones",
        "userDefined": false
      }
    ],
    "isTemplate": false,
    "count": 0,
    "lang": "es",
    "updated": 0
  },
  {
    "id": "3e12f9ed-1110-4b91-a97c-751fbc701d6e",
    "data": [
      {
        "text": "Como son las instalaciones",
        "userDefined": false
      }
    ],
    "isTemplate": false,
    "count": 0,
    "lang": "es",
    "updated": 0
  },
  {
    "id": "2b234426-6357-4572-8775-7030df4eb4de",
    "data": [
      {
        "text": "Con que instalaciones contais?",
        "userDefined": false
      }
    ],
    "isTemplate": false,
    "count": 0,
    "lang": "es",
    "updated": 0
  },
  {
    "id": "877ec5ed-0e72-4b34-ae60-4c6769b9abbb",
    "data": [
      {
        "text": "Instalaciones",
        "userDefined": false
      }
    ],
    "isTemplate": false,
    "count": 0,
    "lang": "es",
    "updated": 0
  }
]