[
  {
    "id": "f8621697-7afc-47a2-a319-93f130980558",
    "data": [
      {
        "text": "Es apto para niños?",
        "userDefined": false
      }
    ],
    "isTemplate": false,
    "count": 0,
    "lang": "es",
    "updated": 0
  },
  {
    "id": "c6356590-8ab5-4223-b125-b647e379cbae",
    "data": [
      {
        "text": "Hijos",
        "userDefined": false
      }
    ],
    "isTemplate": false,
    "count": 0,
    "lang": "es",
    "updated": 0
  },
  {
    "id": "3b378b79-fe07-4227-8bf8-e8d9f9686033",
    "data": [
      {
        "text": "Niños",
        "userDefined": false
      }
    ],
    "isTemplate": false,
    "count": 0,
    "lang": "es",
    "updated": 0
  },
  {
    "id": "dec38104-d2b2-48d7-8194-1a7b2cfc4382",
    "data": [
      {
        "text": "Billar",
        "userDefined": false
      }
    ],
    "isTemplate": false,
    "count": 0,
    "lang": "es",
    "updated": 0
  },
  {
    "id": "ed1fba76-25a4-4a73-bf66-81ebff70118a",
    "data": [
      {
        "text": "Futbolin",
        "userDefined": false
      }
    ],
    "isTemplate": false,
    "count": 0,
    "lang": "es",
    "updated": 0
  },
  {
    "id": "c4757c29-a6d4-4208-b17d-2568236fc9fb",
    "data": [
      {
        "text": "Recreativas",
        "userDefined": false
      }
    ],
    "isTemplate": false,
    "count": 0,
    "lang": "es",
    "updated": 0
  },
  {
    "id": "b18e7d2e-205c-4209-9423-f4d649fe4ddd",
    "data": [
      {
        "text": "Imagenes juegos",
        "userDefined": false
      }
    ],
    "isTemplate": false,
    "count": 0,
    "lang": "es",
    "updated": 0
  },
  {
    "id": "4dc0c1c5-fca9-40e4-97ed-19ead1ee0286",
    "data": [
      {
        "text": "Fotos sala de juegos",
        "userDefined": false
      }
    ],
    "isTemplate": false,
    "count": 0,
    "lang": "es",
    "updated": 0
  },
  {
    "id": "fd73aedf-8679-4ddc-8085-5f3e9f441c50",
    "data": [
      {
        "text": "Diversion",
        "userDefined": false
      }
    ],
    "isTemplate": false,
    "count": 0,
    "lang": "es",
    "updated": 0
  },
  {
    "id": "8200e804-4424-4d44-a441-dd0a0b6ddffa",
    "data": [
      {
        "text": "Donde dejar a mis hijos?",
        "userDefined": false
      }
    ],
    "isTemplate": false,
    "count": 0,
    "lang": "es",
    "updated": 0
  },
  {
    "id": "3e1e03ca-670a-42a3-b821-c44b28e46803",
    "data": [
      {
        "text": "Donde pueden divertirse los niños?",
        "userDefined": false
      }
    ],
    "isTemplate": false,
    "count": 0,
    "lang": "es",
    "updated": 0
  },
  {
    "id": "a09b9483-480a-4950-a44a-f950c38edaa5",
    "data": [
      {
        "text": "juegos",
        "userDefined": false
      }
    ],
    "isTemplate": false,
    "count": 0,
    "lang": "es",
    "updated": 0
  },
  {
    "id": "c204d699-e536-4a0e-9278-3326da3c0c1b",
    "data": [
      {
        "text": "Sala de juegos",
        "userDefined": false
      }
    ],
    "isTemplate": false,
    "count": 0,
    "lang": "es",
    "updated": 0
  }
]