[
  {
    "id": "64a57144-a9fb-4746-96ce-a23cf2b6fecc",
    "data": [
      {
        "text": "¿Se puede aparcar?",
        "userDefined": false
      }
    ],
    "isTemplate": false,
    "count": 0,
    "lang": "es",
    "updated": 0
  },
  {
    "id": "1dd1a115-43b5-4132-a00a-8db4f456847a",
    "data": [
      {
        "text": "Coche",
        "userDefined": false
      }
    ],
    "isTemplate": false,
    "count": 0,
    "lang": "es",
    "updated": 0
  },
  {
    "id": "a8899143-3ae7-4bd0-bd0f-dbcfe2314472",
    "data": [
      {
        "text": "Donde aparco",
        "userDefined": false
      }
    ],
    "isTemplate": false,
    "count": 0,
    "lang": "es",
    "updated": 0
  },
  {
    "id": "2473ae52-b814-4943-ba33-1ead20ce0b0a",
    "data": [
      {
        "text": "Imagenes aparcamiento",
        "userDefined": false
      }
    ],
    "isTemplate": false,
    "count": 0,
    "lang": "es",
    "updated": 0
  },
  {
    "id": "68d69b44-e54b-46b2-ae90-c511c6b4eb9e",
    "data": [
      {
        "text": "Fotos parking",
        "userDefined": false
      }
    ],
    "isTemplate": false,
    "count": 0,
    "lang": "es",
    "updated": 0
  },
  {
    "id": "9bf5008d-4ca2-4373-9d99-cf870c013981",
    "data": [
      {
        "text": "¿Como es el aparcamiento?",
        "userDefined": false
      }
    ],
    "isTemplate": false,
    "count": 0,
    "lang": "es",
    "updated": 0
  },
  {
    "id": "20099177-b0c4-445d-b985-1d20e88ae5b4",
    "data": [
      {
        "text": "¿Como es el parking?",
        "userDefined": false
      }
    ],
    "isTemplate": false,
    "count": 0,
    "lang": "es",
    "updated": 0
  },
  {
    "id": "2999a033-1ea3-4120-ad20-5995260c46df",
    "data": [
      {
        "text": "Consultar aparcamientos",
        "userDefined": false
      }
    ],
    "isTemplate": false,
    "count": 0,
    "lang": "es",
    "updated": 0
  },
  {
    "id": "10a85468-f562-4fc1-847a-52fbd8b2ed84",
    "data": [
      {
        "text": "Aparcamiento",
        "userDefined": false
      }
    ],
    "isTemplate": false,
    "count": 0,
    "lang": "es",
    "updated": 0
  },
  {
    "id": "fba0eed7-d580-4fd8-b7d8-2a927d0b0598",
    "data": [
      {
        "text": "¿Teneis parking?",
        "userDefined": false
      }
    ],
    "isTemplate": false,
    "count": 0,
    "lang": "es",
    "updated": 0
  },
  {
    "id": "e74abd79-c498-4f00-ab9f-7d28fe573448",
    "data": [
      {
        "text": "Consultar parking",
        "userDefined": false
      }
    ],
    "isTemplate": false,
    "count": 0,
    "lang": "es",
    "updated": 0
  },
  {
    "id": "051a4e58-13d4-483c-b9c0-2b8b528ec56b",
    "data": [
      {
        "text": "Parking",
        "userDefined": false
      }
    ],
    "isTemplate": false,
    "count": 0,
    "lang": "es",
    "updated": 0
  }
]