[
  {
    "id": "23ce619a-3256-4800-89c7-6964c5dca189",
    "data": [
      {
        "text": "Donde puedo disfrutar",
        "userDefined": false
      }
    ],
    "isTemplate": false,
    "count": 0,
    "lang": "es",
    "updated": 0
  },
  {
    "id": "1a0c1d09-2c39-463f-bef0-eec0623dbd9a",
    "data": [
      {
        "text": "Me puedo refrescar si hace calor?",
        "userDefined": false
      }
    ],
    "isTemplate": false,
    "count": 0,
    "lang": "es",
    "updated": 0
  },
  {
    "id": "1f65bad5-9374-4a23-8974-fe59a09d736e",
    "data": [
      {
        "text": "¿Teneis piscina?",
        "userDefined": false
      }
    ],
    "isTemplate": false,
    "count": 0,
    "lang": "es",
    "updated": 0
  },
  {
    "id": "bc667dca-94cc-40aa-9831-c6f869e15750",
    "data": [
      {
        "text": "¿Como es la piscina?",
        "userDefined": false
      }
    ],
    "isTemplate": false,
    "count": 0,
    "lang": "es",
    "updated": 0
  },
  {
    "id": "d989b235-cc60-4488-bbb1-dc475c0e316c",
    "data": [
      {
        "text": "Imagenes piscina",
        "userDefined": false
      }
    ],
    "isTemplate": false,
    "count": 0,
    "lang": "es",
    "updated": 0
  },
  {
    "id": "883f7f89-7cce-475e-9d34-f2239916e60a",
    "data": [
      {
        "text": "Fotos piscina",
        "userDefined": false
      }
    ],
    "isTemplate": false,
    "count": 0,
    "lang": "es",
    "updated": 0
  },
  {
    "id": "bb5dcdfd-2692-49c7-9da9-9d26e0d142f0",
    "data": [
      {
        "text": "Detalles piscina",
        "userDefined": false
      }
    ],
    "isTemplate": false,
    "count": 0,
    "lang": "es",
    "updated": 0
  },
  {
    "id": "a1403824-cce4-44df-84eb-7c89d1a6cef4",
    "data": [
      {
        "text": "Ver destalles de la piscina",
        "userDefined": false
      }
    ],
    "isTemplate": false,
    "count": 0,
    "lang": "es",
    "updated": 0
  },
  {
    "id": "757b6e1a-22ee-4c18-a9d3-6bc48deab644",
    "data": [
      {
        "text": "Informacion piscina",
        "userDefined": false
      }
    ],
    "isTemplate": false,
    "count": 0,
    "lang": "es",
    "updated": 0
  },
  {
    "id": "d6b59d10-467e-48b0-a47d-c4665b682e79",
    "data": [
      {
        "text": "Piscina",
        "userDefined": false
      }
    ],
    "isTemplate": false,
    "count": 0,
    "lang": "es",
    "updated": 0
  }
]