[
  {
    "id": "ea515d21-31f9-41c9-b763-a8e182811345",
    "data": [
      {
        "text": "Reservar",
        "userDefined": false
      }
    ],
    "isTemplate": false,
    "count": 0,
    "lang": "es",
    "updated": 0
  },
  {
    "id": "e26d35e2-b3b1-4045-8465-ecc375991be9",
    "data": [
      {
        "text": "Habitacion",
        "userDefined": false
      }
    ],
    "isTemplate": false,
    "count": 0,
    "lang": "es",
    "updated": 0
  },
  {
    "id": "d692172e-f030-436d-a446-9067b3f507ec",
    "data": [
      {
        "text": "¿Cómo reservo una habitación?",
        "userDefined": false
      }
    ],
    "isTemplate": false,
    "count": 0,
    "lang": "es",
    "updated": 0
  },
  {
    "id": "b7447c31-ea60-4218-a078-49ee67afd566",
    "data": [
      {
        "text": "¿Cuál es el proceso de reserva?",
        "userDefined": false
      }
    ],
    "isTemplate": false,
    "count": 0,
    "lang": "es",
    "updated": 0
  },
  {
    "id": "8f8d0fdb-9cd5-4304-91c8-862fae95762e",
    "data": [
      {
        "text": "¿Hay habitaciones disponibles?",
        "userDefined": false
      }
    ],
    "isTemplate": false,
    "count": 0,
    "lang": "es",
    "updated": 0
  },
  {
    "id": "562a1a30-9e9d-42dd-bcc2-f794a2088a16",
    "data": [
      {
        "text": "Necesito una habitacion",
        "userDefined": false
      }
    ],
    "isTemplate": false,
    "count": 0,
    "lang": "es",
    "updated": 0
  },
  {
    "id": "56d40685-f450-4b66-9b6d-e0f2a4dd6185",
    "data": [
      {
        "text": "Necesito habitacion",
        "userDefined": false
      }
    ],
    "isTemplate": false,
    "count": 0,
    "lang": "es",
    "updated": 0
  },
  {
    "id": "eeb34e9d-0149-492e-a5ce-f957eb45c517",
    "data": [
      {
        "text": "¿Puedo hacer una reserva?",
        "userDefined": false
      }
    ],
    "isTemplate": false,
    "count": 0,
    "lang": "es",
    "updated": 0
  },
  {
    "id": "379d6bb2-fef8-415b-9bf4-6268049ee3d0",
    "data": [
      {
        "text": "¿Cómo hago una reserva?",
        "userDefined": false
      }
    ],
    "isTemplate": false,
    "count": 0,
    "lang": "es",
    "updated": 0
  },
  {
    "id": "4a9fb9d6-5842-4bb0-8669-d5a9972c41d0",
    "data": [
      {
        "text": "Quiero reservar",
        "userDefined": false
      }
    ],
    "isTemplate": false,
    "count": 0,
    "lang": "es",
    "updated": 0
  },
  {
    "id": "9993f4ea-e6dd-4a92-a0f2-17c17ceb9997",
    "data": [
      {
        "text": "Necesito reservar",
        "userDefined": false
      }
    ],
    "isTemplate": false,
    "count": 0,
    "lang": "es",
    "updated": 0
  },
  {
    "id": "d5b729d9-fc33-4b02-abaf-1d33811125f2",
    "data": [
      {
        "text": "Coger una habitacion",
        "userDefined": false
      }
    ],
    "isTemplate": false,
    "count": 0,
    "lang": "es",
    "updated": 0
  },
  {
    "id": "6eaa9605-9b46-4c5a-a505-e8699c12a200",
    "data": [
      {
        "text": "Hacer una reserva",
        "userDefined": false
      }
    ],
    "isTemplate": false,
    "count": 0,
    "lang": "es",
    "updated": 0
  },
  {
    "id": "2935be4a-2341-4e9c-ad47-fa4672b8d1b1",
    "data": [
      {
        "text": "Quiero reservar una habitacion",
        "userDefined": false
      }
    ],
    "isTemplate": false,
    "count": 0,
    "lang": "es",
    "updated": 0
  },
  {
    "id": "c0eaf70e-867f-4112-a0a5-ebedd7d6451a",
    "data": [
      {
        "text": "Realizar reserva",
        "userDefined": false
      }
    ],
    "isTemplate": false,
    "count": 0,
    "lang": "es",
    "updated": 0
  }
]