[
  {
    "id": "26aca4ff-1ead-4dca-aa2f-dea2fa8ef25c",
    "data": [
      {
        "text": "Quiero ir al hotel a relajarme",
        "userDefined": false
      }
    ],
    "isTemplate": false,
    "count": 0,
    "lang": "es",
    "updated": 0
  },
  {
    "id": "dac28424-c896-4fed-b98b-b42796861634",
    "data": [
      {
        "text": "Oportunidad de depejarte",
        "userDefined": false
      }
    ],
    "isTemplate": false,
    "count": 0,
    "lang": "es",
    "updated": 0
  },
  {
    "id": "90d39b35-cc14-40fa-880e-731732f75d9a",
    "data": [
      {
        "text": "Relajacion",
        "userDefined": false
      }
    ],
    "isTemplate": false,
    "count": 0,
    "lang": "es",
    "updated": 0
  },
  {
    "id": "cd39688c-cbba-415c-9796-76afb0e27a48",
    "data": [
      {
        "text": "Masaje",
        "userDefined": false
      }
    ],
    "isTemplate": false,
    "count": 0,
    "lang": "es",
    "updated": 0
  },
  {
    "id": "72540a8a-2230-499d-9e31-ac002ac8c797",
    "data": [
      {
        "text": "Piscina caliente",
        "userDefined": false
      }
    ],
    "isTemplate": false,
    "count": 0,
    "lang": "es",
    "updated": 0
  },
  {
    "id": "38a311d2-8157-40eb-bbd4-c06bce9c8fa0",
    "data": [
      {
        "text": "Puedo estar en paz?",
        "userDefined": false
      }
    ],
    "isTemplate": false,
    "count": 0,
    "lang": "es",
    "updated": 0
  },
  {
    "id": "f8680caf-5067-4df4-87c3-55a5267680ac",
    "data": [
      {
        "text": "Tranquilidad",
        "userDefined": false
      }
    ],
    "isTemplate": false,
    "count": 0,
    "lang": "es",
    "updated": 0
  },
  {
    "id": "0cf54010-80b1-4608-b02c-7b4b2ece1d57",
    "data": [
      {
        "text": "Relax",
        "userDefined": false
      }
    ],
    "isTemplate": false,
    "count": 0,
    "lang": "es",
    "updated": 0
  },
  {
    "id": "512f389d-ded6-49a7-8bb0-8940bb73bdd7",
    "data": [
      {
        "text": "¿Teneis spa?",
        "userDefined": false
      }
    ],
    "isTemplate": false,
    "count": 0,
    "lang": "es",
    "updated": 0
  },
  {
    "id": "d58669a7-3ff9-4854-a220-e487c0110381",
    "data": [
      {
        "text": "Como es el spa?",
        "userDefined": false
      }
    ],
    "isTemplate": false,
    "count": 0,
    "lang": "es",
    "updated": 0
  },
  {
    "id": "bccc2f7a-0b7e-4802-90c5-b482328336e1",
    "data": [
      {
        "text": "Fotos spa",
        "userDefined": false
      }
    ],
    "isTemplate": false,
    "count": 0,
    "lang": "es",
    "updated": 0
  },
  {
    "id": "f262cf5b-f354-44e6-a3d1-6518d8c863ee",
    "data": [
      {
        "text": "imagenes spa",
        "userDefined": false
      }
    ],
    "isTemplate": false,
    "count": 0,
    "lang": "es",
    "updated": 0
  },
  {
    "id": "e0cbfd6b-15d8-40ee-af46-605756858402",
    "data": [
      {
        "text": "Detalles spa",
        "userDefined": false
      }
    ],
    "isTemplate": false,
    "count": 0,
    "lang": "es",
    "updated": 0
  },
  {
    "id": "5229acad-dceb-45af-b922-90e6335f2383",
    "data": [
      {
        "text": "Ver detalles spa",
        "userDefined": false
      }
    ],
    "isTemplate": false,
    "count": 0,
    "lang": "es",
    "updated": 0
  },
  {
    "id": "65258515-c506-4629-9b72-4890c33061b6",
    "data": [
      {
        "text": "Spa",
        "userDefined": false
      }
    ],
    "isTemplate": false,
    "count": 0,
    "lang": "es",
    "updated": 0
  }
]