[
  {
    "value": "10",
    "synonyms": [
      "desayuno",
      "solo desayuno",
      "desayuno incluido",
      "Desayuno",
      "2",
      "2)"
    ]
  },
  {
    "value": "20",
    "synonyms": [
      "media pension",
      "Media pensión",
      "3",
      "3)"
    ]
  },
  {
    "value": "30",
    "synonyms": [
      "pensión completa",
      "todas las comidas",
      "Pensión completa",
      "4",
      "4)"
    ]
  },
  {
    "value": "40",
    "synonyms": [
      "todo incluido",
      "Todo incluido",
      "5",
      "5)"
    ]
  },
  {
    "value": "0",
    "synonyms": [
      "solo alojamiento",
      "ninguna comida",
      "Solo alojamiento",
      "1",
      "1)"
    ]
  }
]